video_id,video_path,split,frame_count,fps,width,height,duration_seconds,ground_truth_path,dataset
01,D:/Avenue-Dataset/extracted/Avenue Dataset/training_videos/01.avi,train,1364,25.0,640,360,54.56,,avenue
02,D:/Avenue-Dataset/extracted/Avenue Dataset/training_videos/02.avi,train,1511,25.0,640,360,60.44,,avenue
03,D:/Avenue-Dataset/extracted/Avenue Dataset/training_videos/03.avi,train,1487,25.0,640,360,59.48,,avenue
04,D:/Avenue-Dataset/extracted/Avenue Dataset/training_videos/04.avi,train,1511,25.0,640,360,60.44,,avenue
05,D:/Avenue-Dataset/extracted/Avenue Dataset/training_videos/05.avi,train,815,25.0,640,360,32.6,,avenue
06,D:/Avenue-Dataset/extracted/Avenue Dataset/training_videos/06.avi,train,1511,25.0,640,360,60.44,,avenue
07,D:/Avenue-Dataset/extracted/Avenue Dataset/training_videos/07.avi,train,1099,25.0,640,360,43.96,,avenue
08,D:/Avenue-Dataset/extracted/Avenue Dataset/training_videos/08.avi,train,1017,25.0,640,360,40.68,,avenue
09,D:/Avenue-Dataset/extracted/Avenue Dataset/training_videos/09.avi,train,1391,25.0,640,360,55.64,,avenue
10,D:/Avenue-Dataset/extracted/Avenue Dataset/training_videos/10.avi,train,1223,25.0,640,360,48.92,,avenue
11,D:/Avenue-Dataset/extracted/Avenue Dataset/training_videos/11.avi,train,781,25.0,640,360,31.24,,avenue
12,D:/Avenue-Dataset/extracted/Avenue Dataset/training_videos/12.avi,train,145,25.0,640,360,5.8,,avenue
13,D:/Avenue-Dataset/extracted/Avenue Dataset/training_videos/13.avi,train,366,25.0,640,360,14.64,,avenue
14,D:/Avenue-Dataset/extracted/Avenue Dataset/training_videos/14.avi,train,510,25.0,640,360,20.4,,avenue
15,D:/Avenue-Dataset/extracted/Avenue Dataset/training_videos/15.avi,train,353,25.0,640,360,14.12,,avenue
16,D:/Avenue-Dataset/extracted/Avenue Dataset/training_videos/16.avi,train,244,25.0,640,360,9.76,,avenue
01,D:/Avenue-Dataset/extracted/Avenue Dataset/testing_videos/01.avi,test,1439,25.0,640,360,57.56,D:/Avenue-Dataset/ground_truth/ground_truth_demo/testing_label_mask/1_label.mat,avenue
02,D:/Avenue-Dataset/extracted/Avenue Dataset/testing_videos/02.avi,test,1211,25.0,640,360,48.44,D:/Avenue-Dataset/ground_truth/ground_truth_demo/testing_label_mask/2_label.mat,avenue
03,D:/Avenue-Dataset/extracted/Avenue Dataset/testing_videos/03.avi,test,923,25.0,640,360,36.92,D:/Avenue-Dataset/ground_truth/ground_truth_demo/testing_label_mask/3_label.mat,avenue
04,D:/Avenue-Dataset/extracted/Avenue Dataset/testing_videos/04.avi,test,947,25.0,640,360,37.88,D:/Avenue-Dataset/ground_truth/ground_truth_demo/testing_label_mask/4_label.mat,avenue
05,D:/Avenue-Dataset/extracted/Avenue Dataset/testing_videos/05.avi,test,1007,25.0,640,360,40.28,D:/Avenue-Dataset/ground_truth/ground_truth_demo/testing_label_mask/5_label.mat,avenue
06,D:/Avenue-Dataset/extracted/Avenue Dataset/testing_videos/06.avi,test,1283,25.0,640,360,51.32,D:/Avenue-Dataset/ground_truth/ground_truth_demo/testing_label_mask/6_label.mat,avenue
07,D:/Avenue-Dataset/extracted/Avenue Dataset/testing_videos/07.avi,test,605,25.0,640,360,24.2,D:/Avenue-Dataset/ground_truth/ground_truth_demo/testing_label_mask/7_label.mat,avenue
08,D:/Avenue-Dataset/extracted/Avenue Dataset/testing_videos/08.avi,test,36,25.0,640,360,1.44,D:/Avenue-Dataset/ground_truth/ground_truth_demo/testing_label_mask/8_label.mat,avenue
09,D:/Avenue-Dataset/extracted/Avenue Dataset/testing_videos/09.avi,test,1175,25.0,640,360,47.0,D:/Avenue-Dataset/ground_truth/ground_truth_demo/testing_label_mask/9_label.mat,avenue
10,D:/Avenue-Dataset/extracted/Avenue Dataset/testing_videos/10.avi,test,841,25.0,640,360,33.64,D:/Avenue-Dataset/ground_truth/ground_truth_demo/testing_label_mask/10_label.mat,avenue
11,D:/Avenue-Dataset/extracted/Avenue Dataset/testing_videos/11.avi,test,472,25.0,640,360,18.88,D:/Avenue-Dataset/ground_truth/ground_truth_demo/testing_label_mask/11_label.mat,avenue
12,D:/Avenue-Dataset/extracted/Avenue Dataset/testing_videos/12.avi,test,1271,25.0,640,360,50.84,D:/Avenue-Dataset/ground_truth/ground_truth_demo/testing_label_mask/12_label.mat,avenue
13,D:/Avenue-Dataset/extracted/Avenue Dataset/testing_videos/13.avi,test,549,25.0,640,360,21.96,D:/Avenue-Dataset/ground_truth/ground_truth_demo/testing_label_mask/13_label.mat,avenue
14,D:/Avenue-Dataset/extracted/Avenue Dataset/testing_videos/14.avi,test,507,25.0,640,360,20.28,D:/Avenue-Dataset/ground_truth/ground_truth_demo/testing_label_mask/14_label.mat,avenue
15,D:/Avenue-Dataset/extracted/Avenue Dataset/testing_videos/15.avi,test,1001,25.0,640,360,40.04,D:/Avenue-Dataset/ground_truth/ground_truth_demo/testing_label_mask/15_label.mat,avenue
16,D:/Avenue-Dataset/extracted/Avenue Dataset/testing_videos/16.avi,test,740,25.0,640,360,29.6,D:/Avenue-Dataset/ground_truth/ground_truth_demo/testing_label_mask/16_label.mat,avenue
17,D:/Avenue-Dataset/extracted/Avenue Dataset/testing_videos/17.avi,test,426,25.0,640,360,17.04,D:/Avenue-Dataset/ground_truth/ground_truth_demo/testing_label_mask/17_label.mat,avenue
18,D:/Avenue-Dataset/extracted/Avenue Dataset/testing_videos/18.avi,test,294,25.0,640,360,11.76,D:/Avenue-Dataset/ground_truth/ground_truth_demo/testing_label_mask/18_label.mat,avenue
19,D:/Avenue-Dataset/extracted/Avenue Dataset/testing_videos/19.avi,test,248,25.0,640,360,9.92,D:/Avenue-Dataset/ground_truth/ground_truth_demo/testing_label_mask/19_label.mat,avenue
20,D:/Avenue-Dataset/extracted/Avenue Dataset/testing_videos/20.avi,test,273,25.0,640,360,10.92,D:/Avenue-Dataset/ground_truth/ground_truth_demo/testing_label_mask/20_label.mat,avenue
21,D:/Avenue-Dataset/extracted/Avenue Dataset/testing_videos/21.avi,test,76,25.0,640,360,3.04,D:/Avenue-Dataset/ground_truth/ground_truth_demo/testing_label_mask/21_label.mat,avenue
